Name	Last modified	Size	
3dprinting.meta.stackexchange.com.7z (View Contents)	07-Apr-2024 00:17	657.0K
3dprinting.stackexchange.com.7z (View Contents)	06-Apr-2024 22:12	18.9M
Sites.xml	01-Apr-2024 05:16	348.5K
__ia_thumb.jpg	22-Mar-2022 15:28	189.0B
academia.meta.stackexchange.com.7z (View Contents)	06-Apr-2024 21:56	5.7M
academia.stackexchange.com.7z (View Contents)	06-Apr-2024 22:47	189.4M
ai.meta.stackexchange.com.7z (View Contents)	06-Apr-2024 23:34	934.5K
ai.stackexchange.com.7z (View Contents)	06-Apr-2024 22:52	35.3M
android.meta.stackexchange.com.7z (View Contents)	06-Apr-2024 21:54	3.0M
android.stackexchange.com.7z (View Contents)	06-Apr-2024 22:38	124.9M
anime.meta.stackexchange.com.7z (View Contents)	07-Apr-2024 04:24	3.8M
anime.stackexchange.com.7z (View Contents)	06-Apr-2024 23:37	36.5M
apple.meta.stackexchange.com.7z (View Contents)	07-Apr-2024 04:35	4.8M
apple.stackexchange.com.7z (View Contents)	06-Apr-2024 22:25	297.8M
arduino.meta.stackexchange.com.7z (View Contents)	06-Apr-2024 21:40	883.9K
arduino.stackexchange.com.7z (View Contents)	06-Apr-2024 23:33	76.0M
askubuntu.com.7z (View Contents)	07-Apr-2024 07:43	1,022.0M
astronomy.meta.stackexchange.com.7z (View Contents)	06-Apr-2024 22:48	1.0M
astronomy.stackexchange.com.7z (View Contents)	06-Apr-2024 21:54	49.0M
aviation.meta.stackexchange.com.7z (View Contents)	06-Apr-2024 21:48	2.5M
aviation.stackexchange.com.7z (View Contents)	06-Apr-2024 23:19	101.7M
avp.meta.stackexchange.com.7z (View Contents)	06-Apr-2024 21:42	526.7K
avp.stackexchange.com.7z (View Contents)	06-Apr-2024 23:56	20.9M
beer.meta.stackexchange.com.7z (View Contents)	06-Apr-2024 22:37	276.0K
beer.stackexchange.com.7z (View Contents)	06-Apr-2024 22:10	4.1M
bicycles.meta.stackexchange.com.7z (View Contents)	06-Apr-2024 21:44	1.3M
bicycles.stackexchange.com.7z (View Contents)	06-Apr-2024 23:21	78.1M
bioacoustics.meta.stackexchange.com.7z (View Contents)	07-Apr-2024 00:21	197.9K
bioacoustics.stackexchange.com.7z (View Contents)	07-Apr-2024 04:01	1.3M
bioinformatics.meta.stackexchange.com.7z (View Contents)	07-Apr-2024 00:22	375.7K
bioinformatics.stackexchange.com.7z (View Contents)	06-Apr-2024 22:10	16.7M
biology.meta.stackexchange.com.7z (View Contents)	06-Apr-2024 21:51	3.0M
biology.stackexchange.com.7z (View Contents)	06-Apr-2024 23:16	78.7M
bitcoin.meta.stackexchange.com.7z (View Contents)	06-Apr-2024 21:37	1.2M
bitcoin.stackexchange.com.7z (View Contents)	06-Apr-2024 23:35	70.4M
blender.meta.stackexchange.com.7z (View Contents)	06-Apr-2024 21:44	2.7M
blender.stackexchange.com.7z (View Contents)	06-Apr-2024 23:14	192.4M
boardgames.meta.stackexchange.com.7z (View Contents)	06-Apr-2024 21:45	2.1M
boardgames.stackexchange.com.7z (View Contents)	06-Apr-2024 23:37	42.4M
bricks.meta.stackexchange.com.7z (View Contents)	06-Apr-2024 21:33	575.6K
bricks.stackexchange.com.7z (View Contents)	06-Apr-2024 23:59	11.3M
buddhism.meta.stackexchange.com.7z (View Contents)	07-Apr-2024 00:10	1.9M
buddhism.stackexchange.com.7z (View Contents)	06-Apr-2024 22:24	49.7M
cardano.meta.stackexchange.com.7z (View Contents)	07-Apr-2024 00:05	124.3K
cardano.stackexchange.com.7z (View Contents)	06-Apr-2024 22:22	5.4M
chemistry.meta.stackexchange.com.7z (View Contents)	06-Apr-2024 21:51	5.3M
chemistry.stackexchange.com.7z (View Contents)	06-Apr-2024 23:27	120.3M
chess.meta.stackexchange.com.7z (View Contents)	06-Apr-2024 21:36	1,023.3K
chess.stackexchange.com.7z (View Contents)	06-Apr-2024 23:45	34.1M
chinese.meta.stackexchange.com.7z (View Contents)	06-Apr-2024 21:35	1.1M
chinese.stackexchange.com.7z (View Contents)	06-Apr-2024 23:48	35.4M
christianity.meta.stackexchange.com.7z (View Contents)	07-Apr-2024 04:37	7.5M
christianity.stackexchange.com.7z (View Contents)	06-Apr-2024 23:22	119.4M
civicrm.meta.stackexchange.com.7z (View Contents)	06-Apr-2024 23:26	188.3K
civicrm.stackexchange.com.7z (View Contents)	06-Apr-2024 22:49	24.6M
codegolf.meta.stackexchange.com.7z (View Contents)	07-Apr-2024 05:00	24.4M
codegolf.stackexchange.com.7z (View Contents)	06-Apr-2024 22:44	357.0M
codereview.meta.stackexchange.com.7z (View Contents)	06-Apr-2024 22:07	10.7M
codereview.stackexchange.com.7z (View Contents)	06-Apr-2024 22:59	485.0M
coffee.meta.stackexchange.com.7z (View Contents)	07-Apr-2024 00:23	273.5K
coffee.stackexchange.com.7z (View Contents)	06-Apr-2024 21:52	4.9M
cogsci.meta.stackexchange.com.7z (View Contents)	06-Apr-2024 21:38	1.8M
cogsci.stackexchange.com.7z (View Contents)	06-Apr-2024 23:51	26.7M
computergraphics.meta.stackexchange.com.7z (View Contents)	07-Apr-2024 00:28	347.6K
computergraphics.stackexchange.com.7z (View Contents)	06-Apr-2024 22:08	12.0M
conlang.meta.stackexchange.com.7z (View Contents)	07-Apr-2024 00:34	209.5K
conlang.stackexchange.com.7z (View Contents)	06-Apr-2024 21:43	2.3M
cooking.meta.stackexchange.com.7z (View Contents)	07-Apr-2024 00:06	3.4M
cooking.stackexchange.com.7z (View Contents)	06-Apr-2024 22:38	83.5M
craftcms.meta.stackexchange.com.7z (View Contents)	07-Apr-2024 00:33	237.4K
craftcms.stackexchange.com.7z (View Contents)	06-Apr-2024 22:14	24.4M
crafts.meta.stackexchange.com.7z (View Contents)	07-Apr-2024 00:30	607.4K
crafts.stackexchange.com.7z (View Contents)	06-Apr-2024 22:02	8.3M
crypto.meta.stackexchange.com.7z (View Contents)	06-Apr-2024 21:40	1.9M
crypto.stackexchange.com.7z (View Contents)	06-Apr-2024 23:32	99.2M
cs.meta.stackexchange.com.7z (View Contents)	06-Apr-2024 22:53	2.7M
cs.stackexchange.com.7z (View Contents)	06-Apr-2024 22:09	124.9M
cseducators.meta.stackexchange.com.7z (View Contents)	07-Apr-2024 00:26	569.4K
cseducators.stackexchange.com.7z (View Contents)	06-Apr-2024 22:06	10.2M
cstheory.meta.stackexchange.com.7z (View Contents)	06-Apr-2024 21:52	2.2M
cstheory.stackexchange.com.7z (View Contents)	06-Apr-2024 23:42	42.8M
datascience.meta.stackexchange.com.7z (View Contents)	06-Apr-2024 23:08	822.4K
datascience.stackexchange.com.7z (View Contents)	07-Apr-2024 06:47	85.4M
dba.meta.stackexchange.com.7z (View Contents)	06-Apr-2024 21:50	3.3M
dba.stackexchange.com.7z (View Contents)	06-Apr-2024 22:23	304.6M
devops.meta.stackexchange.com.7z (View Contents)	07-Apr-2024 00:16	427.1K
devops.stackexchange.com.7z (View Contents)	07-Apr-2024 04:56	16.0M
diy.meta.stackexchange.com.7z (View Contents)	07-Apr-2024 00:10	1.5M
diy.stackexchange.com.7z (View Contents)	07-Apr-2024 05:56	216.9M
drones.meta.stackexchange.com.7z (View Contents)	06-Apr-2024 21:31	183.5K
drones.stackexchange.com.7z (View Contents)	06-Apr-2024 21:31	2.3M
drupal.meta.stackexchange.com.7z (View Contents)	06-Apr-2024 21:49	2.5M
drupal.stackexchange.com.7z (View Contents)	06-Apr-2024 23:22	170.4M
dsp.meta.stackexchange.com.7z (View Contents)	06-Apr-2024 21:37	834.3K
dsp.stackexchange.com.7z (View Contents)	06-Apr-2024 23:25	81.8M
earthscience.meta.stackexchange.com.7z (View Contents)	07-Apr-2024 00:24	1.0M
earthscience.stackexchange.com.7z (View Contents)	06-Apr-2024 22:17	21.7M
ebooks.meta.stackexchange.com.7z (View Contents)	07-Apr-2024 04:03	292.7K
ebooks.stackexchange.com.7z (View Contents)	07-Apr-2024 00:02	4.6M
economics.meta.stackexchange.com.7z (View Contents)	07-Apr-2024 00:21	1.1M
economics.stackexchange.com.7z (View Contents)	06-Apr-2024 22:25	41.7M
electronics.meta.stackexchange.com.7z (View Contents)	07-Apr-2024 04:43	7.5M
electronics.stackexchange.com.7z (View Contents)	06-Apr-2024 22:15	608.0M
elementaryos.meta.stackexchange.com.7z (View Contents)	07-Apr-2024 00:18	279.0K
elementaryos.stackexchange.com.7z (View Contents)	07-Apr-2024 04:54	14.6M
ell.meta.stackexchange.com.7z (View Contents)	06-Apr-2024 22:00	6.0M
ell.stackexchange.com.7z (View Contents)	06-Apr-2024 23:07	226.0M
emacs.meta.stackexchange.com.7z (View Contents)	07-Apr-2024 00:12	773.2K
emacs.stackexchange.com.7z (View Contents)	07-Apr-2024 05:18	58.2M
engineering.meta.stackexchange.com.7z (View Contents)	07-Apr-2024 00:11	840.1K
engineering.stackexchange.com.7z (View Contents)	07-Apr-2024 05:04	41.5M
english.meta.stackexchange.com.7z (View Contents)	07-Apr-2024 00:05	19.2M
english.stackexchange.com.7z (View Contents)	06-Apr-2024 23:24	429.7M
eosio.meta.stackexchange.com.7z (View Contents)	06-Apr-2024 23:45	105.1K
eosio.stackexchange.com.7z (View Contents)	07-Apr-2024 05:31	4.4M
es.meta.stackoverflow.com.7z (View Contents)	07-Apr-2024 00:01	8.9M
es.stackoverflow.com.7z (View Contents)	07-Apr-2024 06:41	503.6M
esperanto.meta.stackexchange.com.7z (View Contents)	07-Apr-2024 00:32	205.8K
esperanto.stackexchange.com.7z (View Contents)	06-Apr-2024 21:57	4.4M
ethereum.meta.stackexchange.com.7z (View Contents)	06-Apr-2024 23:39	920.0K
ethereum.stackexchange.com.7z (View Contents)	06-Apr-2024 23:29	102.3M
expatriates.meta.stackexchange.com.7z (View Contents)	07-Apr-2024 05:23	453.5K
expatriates.stackexchange.com.7z (View Contents)	06-Apr-2024 22:31	17.1M
expressionengine.meta.stackexchange.com.7z (View Contents)	06-Apr-2024 21:34	347.8K
expressionengine.stackexchange.com.7z (View Contents)	06-Apr-2024 23:59	20.7M
fitness.meta.stackexchange.com.7z (View Contents)	07-Apr-2024 04:13	822.3K
fitness.stackexchange.com.7z (View Contents)	06-Apr-2024 23:40	33.3M
freelancing.meta.stackexchange.com.7z (View Contents)	07-Apr-2024 04:05	388.2K
freelancing.stackexchange.com.7z (View Contents)	07-Apr-2024 00:00	9.0M
french.meta.stackexchange.com.7z (View Contents)	06-Apr-2024 21:44	1.1M
french.stackexchange.com.7z (View Contents)	06-Apr-2024 23:51	43.8M
gamedev.meta.stackexchange.com.7z (View Contents)	07-Apr-2024 00:05	3.5M
gamedev.stackexchange.com.7z (View Contents)	07-Apr-2024 05:41	175.7M
gaming.meta.stackexchange.com.7z (View Contents)	07-Apr-2024 00:03	16.8M
gaming.stackexchange.com.7z (View Contents)	06-Apr-2024 23:03	230.1M
gardening.meta.stackexchange.com.7z (View Contents)	06-Apr-2024 21:40	859.2K
gardening.stackexchange.com.7z (View Contents)	06-Apr-2024 23:54	41.6M
genai.meta.stackexchange.com.7z (View Contents)	07-Apr-2024 00:17	251.9K
genai.stackexchange.com.7z (View Contents)	06-Apr-2024 21:31	828.2K
genealogy.meta.stackexchange.com.7z (View Contents)	07-Apr-2024 04:15	1.7M
genealogy.stackexchange.com.7z (View Contents)	06-Apr-2024 23:58	14.6M
german.meta.stackexchange.com.7z (View Contents)	07-Apr-2024 04:16	2.1M
german.stackexchange.com.7z (View Contents)	06-Apr-2024 23:34	62.9M
gis.meta.stackexchange.com.7z (View Contents)	07-Apr-2024 00:17	4.2M
gis.stackexchange.com.7z (View Contents)	06-Apr-2024 23:09	370.4M
graphicdesign.meta.stackexchange.com.7z (View Contents)	07-Apr-2024 04:28	3.3M
graphicdesign.stackexchange.com.7z (View Contents)	06-Apr-2024 23:08	99.0M
ham.meta.stackexchange.com.7z (View Contents)	07-Apr-2024 04:06	491.1K
ham.stackexchange.com.7z (View Contents)	06-Apr-2024 23:56	17.4M
hardwarerecs.meta.stackexchange.com.7z (View Contents)	06-Apr-2024 23:30	814.2K
hardwarerecs.stackexchange.com.7z (View Contents)	06-Apr-2024 22:43	10.7M
health.meta.stackexchange.com.7z (View Contents)	07-Apr-2024 00:20	1.6M
health.stackexchange.com.7z (View Contents)	06-Apr-2024 22:19	21.4M
hermeneutics.meta.stackexchange.com.7z (View Contents)	06-Apr-2024 22:41	3.0M
hermeneutics.stackexchange.com.7z (View Contents)	06-Apr-2024 22:30	115.1M
hinduism.meta.stackexchange.com.7z (View Contents)	07-Apr-2024 00:09	3.2M
hinduism.stackexchange.com.7z (View Contents)	07-Apr-2024 05:14	68.9M
history.meta.stackexchange.com.7z (View Contents)	07-Apr-2024 04:20	3.3M
history.stackexchange.com.7z (View Contents)	06-Apr-2024 23:26	89.1M
homebrew.meta.stackexchange.com.7z (View Contents)	07-Apr-2024 05:22	383.2K
homebrew.stackexchange.com.7z (View Contents)	06-Apr-2024 22:27	15.9M
hsm.meta.stackexchange.com.7z (View Contents)	07-Apr-2024 00:21	457.6K
hsm.stackexchange.com.7z (View Contents)	06-Apr-2024 22:08	17.3M
interpersonal.meta.stackexchange.com.7z (View Contents)	07-Apr-2024 00:04	5.2M
interpersonal.stackexchange.com.7z (View Contents)	06-Apr-2024 22:27	34.5M
iot.meta.stackexchange.com.7z (View Contents)	07-Apr-2024 00:14	431.6K
iot.stackexchange.com.7z (View Contents)	07-Apr-2024 04:47	7.2M
iota.meta.stackexchange.com.7z (View Contents)	06-Apr-2024 21:31	117.1K
iota.stackexchange.com.7z (View Contents)	07-Apr-2024 04:23	2.2M
islam.meta.stackexchange.com.7z (View Contents)	06-Apr-2024 22:36	3.4M
islam.stackexchange.com.7z (View Contents)	06-Apr-2024 22:02	52.2M
italian.meta.stackexchange.com.7z (View Contents)	06-Apr-2024 21:31	539.6K
italian.stackexchange.com.7z (View Contents)	07-Apr-2024 00:03	10.6M
ja.meta.stackoverflow.com.7z (View Contents)	07-Apr-2024 00:08	3.6M
ja.stackoverflow.com.7z (View Contents)	06-Apr-2024 22:31	77.0M
japanese.meta.stackexchange.com.7z (View Contents)	06-Apr-2024 21:47	2.7M
japanese.stackexchange.com.7z (View Contents)	06-Apr-2024 23:40	68.6M
joomla.meta.stackexchange.com.7z (View Contents)	07-Apr-2024 00:14	397.0K
joomla.stackexchange.com.7z (View Contents)	06-Apr-2024 22:11	17.4M
judaism.meta.stackexchange.com.7z (View Contents)	06-Apr-2024 21:59	5.6M
judaism.stackexchange.com.7z (View Contents)	06-Apr-2024 23:25	132.6M
korean.meta.stackexchange.com.7z (View Contents)	07-Apr-2024 00:15	236.6K
korean.stackexchange.com.7z (View Contents)	06-Apr-2024 21:53	5.1M
langdev.meta.stackexchange.com.7z (View Contents)	07-Apr-2024 00:34	508.7K
langdev.stackexchange.com.7z (View Contents)	06-Apr-2024 21:32	5.1M
languagelearning.meta.stackexchange.com.7z (View Contents)	07-Apr-2024 00:13	547.7K
languagelearning.stackexchange.com.7z (View Contents)	07-Apr-2024 04:30	4.8M
latin.meta.stackexchange.com.7z (View Contents)	06-Apr-2024 23:28	756.8K
latin.stackexchange.com.7z (View Contents)	06-Apr-2024 22:47	21.0M
law.meta.stackexchange.com.7z (View Contents)	07-Apr-2024 00:22	2.0M
law.stackexchange.com.7z (View Contents)	06-Apr-2024 22:30	98.7M
license.txt	01-Apr-2024 05:15	1.7K
lifehacks.meta.stackexchange.com.7z (View Contents)	07-Apr-2024 00:09	881.8K
lifehacks.stackexchange.com.7z (View Contents)	06-Apr-2024 22:13	13.6M
linguistics.meta.stackexchange.com.7z (View Contents)	06-Apr-2024 21:40	1.0M
linguistics.stackexchange.com.7z (View Contents)	06-Apr-2024 23:51	39.0M
literature.meta.stackexchange.com.7z (View Contents)	07-Apr-2024 00:14	2.5M
literature.stackexchange.com.7z (View Contents)	06-Apr-2024 22:14	26.6M
logo-stackoverflow.png	22-Mar-2022 13:59	19.5K
logo-stackoverflow.svg	18-Mar-2022 19:39	6.5K
logo-stackoverflow_thumb.jpg	22-Mar-2022 14:35	3.7K
magento.meta.stackexchange.com.7z (View Contents)	06-Apr-2024 21:41	1.6M
magento.stackexchange.com.7z (View Contents)	06-Apr-2024 22:55	215.9M
martialarts.meta.stackexchange.com.7z (View Contents)	06-Apr-2024 21:36	665.9K
martialarts.stackexchange.com.7z (View Contents)	07-Apr-2024 00:12	13.0M
materials.meta.stackexchange.com.7z (View Contents)	07-Apr-2024 00:23	540.7K
materials.stackexchange.com.7z (View Contents)	07-Apr-2024 04:49	11.8M
math.meta.stackexchange.com.7z (View Contents)	06-Apr-2024 23:16	50.3M
math.stackexchange.com.7z (View Contents)	07-Apr-2024 02:18	3.4G
matheducators.meta.stackexchange.com.7z (View Contents)	06-Apr-2024 22:34	808.4K
matheducators.stackexchange.com.7z (View Contents)	06-Apr-2024 22:12	24.9M
mathematica.meta.stackexchange.com.7z (View Contents)	07-Apr-2024 05:58	3.6M
mathematica.stackexchange.com.7z (View Contents)	06-Apr-2024 21:41	278.2M
mathoverflow.net.7z (View Contents)	06-Apr-2024 22:29	486.8M
mechanics.meta.stackexchange.com.7z (View Contents)	06-Apr-2024 22:38	1.1M
mechanics.stackexchange.com.7z (View Contents)	06-Apr-2024 22:12	62.5M
meta.askubuntu.com.7z (View Contents)	06-Apr-2024 23:53	21.5M
meta.mathoverflow.net.7z (View Contents)	06-Apr-2024 22:10	9.2M
meta.serverfault.com.7z (View Contents)	07-Apr-2024 00:07	11.0M
meta.stackexchange.com.7z (View Contents)	06-Apr-2024 21:55	425.4M
meta.stackoverflow.com.7z (View Contents)	06-Apr-2024 21:42	333.2M
meta.superuser.com.7z (View Contents)	06-Apr-2024 22:16	20.9M
moderators.meta.stackexchange.com.7z (View Contents)	07-Apr-2024 00:19	450.8K
moderators.stackexchange.com.7z (View Contents)	06-Apr-2024 21:48	3.1M
monero.meta.stackexchange.com.7z (View Contents)	07-Apr-2024 00:19	222.2K
monero.stackexchange.com.7z (View Contents)	07-Apr-2024 04:45	8.5M
money.meta.stackexchange.com.7z (View Contents)	07-Apr-2024 00:12	2.3M
money.stackexchange.com.7z (View Contents)	06-Apr-2024 22:42	126.5M
movies.meta.stackexchange.com.7z (View Contents)	07-Apr-2024 04:32	5.1M
movies.stackexchange.com.7z (View Contents)	06-Apr-2024 23:13	81.1M
music.meta.stackexchange.com.7z (View Contents)	06-Apr-2024 22:46	3.1M
music.stackexchange.com.7z (View Contents)	06-Apr-2024 21:59	101.9M
musicfans.meta.stackexchange.com.7z (View Contents)	06-Apr-2024 23:31	617.6K
musicfans.stackexchange.com.7z (View Contents)	06-Apr-2024 22:45	6.4M
mythology.meta.stackexchange.com.7z (View Contents)	07-Apr-2024 00:18	491.9K
mythology.stackexchange.com.7z (View Contents)	06-Apr-2024 22:04	8.5M
networkengineering.meta.stackexchange.com.7z (View Contents)	06-Apr-2024 22:37	1.1M
networkengineering.stackexchange.com.7z (View Contents)	06-Apr-2024 22:32	47.4M
opendata.meta.stackexchange.com.7z (View Contents)	06-Apr-2024 21:38	470.0K
opendata.stackexchange.com.7z (View Contents)	07-Apr-2024 00:03	12.6M
opensource.meta.stackexchange.com.7z (View Contents)	07-Apr-2024 00:11	870.9K
opensource.stackexchange.com.7z (View Contents)	06-Apr-2024 22:15	16.9M
or.meta.stackexchange.com.7z (View Contents)	06-Apr-2024 21:31	379.9K
or.stackexchange.com.7z (View Contents)	06-Apr-2024 22:04	12.2M
outdoors.meta.stackexchange.com.7z (View Contents)	06-Apr-2024 21:41	1.5M
outdoors.stackexchange.com.7z (View Contents)	06-Apr-2024 23:56	30.0M
parenting.meta.stackexchange.com.7z (View Contents)	06-Apr-2024 21:50	1.8M
parenting.stackexchange.com.7z (View Contents)	06-Apr-2024 23:45	43.4M
patents.meta.stackexchange.com.7z (View Contents)	06-Apr-2024 21:35	445.1K
patents.stackexchange.com.7z (View Contents)	07-Apr-2024 00:01	12.4M
pets.meta.stackexchange.com.7z (View Contents)	06-Apr-2024 21:43	1.2M
pets.stackexchange.com.7z (View Contents)	06-Apr-2024 23:59	26.1M
philosophy.meta.stackexchange.com.7z (View Contents)	06-Apr-2024 21:49	3.1M
philosophy.stackexchange.com.7z (View Contents)	06-Apr-2024 23:12	121.5M
photo.meta.stackexchange.com.7z (View Contents)	07-Apr-2024 00:10	4.5M
photo.stackexchange.com.7z (View Contents)	06-Apr-2024 22:27	109.0M
physics.meta.stackexchange.com.7z (View Contents)	06-Apr-2024 22:17	16.2M
physics.stackexchange.com.7z (View Contents)	06-Apr-2024 22:19	695.5M
pm.meta.stackexchange.com.7z (View Contents)	06-Apr-2024 21:39	930.3K
pm.stackexchange.com.7z (View Contents)	06-Apr-2024 23:47	29.9M
poker.meta.stackexchange.com.7z (View Contents)	06-Apr-2024 21:32	313.2K
poker.stackexchange.com.7z (View Contents)	07-Apr-2024 00:15	7.2M
politics.meta.stackexchange.com.7z (View Contents)	06-Apr-2024 21:55	5.3M
politics.stackexchange.com.7z (View Contents)	06-Apr-2024 23:14	109.5M
portuguese.meta.stackexchange.com.7z (View Contents)	07-Apr-2024 00:20	460.3K
portuguese.stackexchange.com.7z (View Contents)	06-Apr-2024 22:00	10.1M
proofassistants.meta.stackexchange.com.7z (View Contents)	07-Apr-2024 00:35	202.7K
proofassistants.stackexchange.com.7z (View Contents)	06-Apr-2024 21:30	3.6M
pt.meta.stackoverflow.com.7z (View Contents)	06-Apr-2024 22:12	13.6M
pt.stackoverflow.com.7z (View Contents)	06-Apr-2024 22:48	435.4M
puzzling.meta.stackexchange.com.7z (View Contents)	07-Apr-2024 00:09	6.6M
puzzling.stackexchange.com.7z (View Contents)	06-Apr-2024 22:32	110.8M
quant.meta.stackexchange.com.7z (View Contents)	06-Apr-2024 21:36	701.2K
quant.stackexchange.com.7z (View Contents)	06-Apr-2024 23:43	52.9M
quantumcomputing.meta.stackexchange.com.7z (View Contents)	06-Apr-2024 23:29	843.0K
quantumcomputing.stackexchange.com.7z (View Contents)	06-Apr-2024 22:51	28.7M
raspberrypi.meta.stackexchange.com.7z (View Contents)	06-Apr-2024 22:39	1.6M
raspberrypi.stackexchange.com.7z (View Contents)	06-Apr-2024 22:24	99.6M
readme.txt	01-Apr-2024 05:16	5.7K
retrocomputing.meta.stackexchange.com.7z (View Contents)	07-Apr-2024 00:16	1.3M
retrocomputing.stackexchange.com.7z (View Contents)	06-Apr-2024 22:20	39.5M
reverseengineering.meta.stackexchange.com.7z (View Contents)	06-Apr-2024 21:34	484.6K
reverseengineering.stackexchange.com.7z (View Contents)	06-Apr-2024 23:56	27.2M
robotics.meta.stackexchange.com.7z (View Contents)	06-Apr-2024 22:23	560.1K
robotics.stackexchange.com.7z (View Contents)	06-Apr-2024 22:07	93.2M
rpg.meta.stackexchange.com.7z (View Contents)	06-Apr-2024 22:06	15.4M
rpg.stackexchange.com.7z (View Contents)	06-Apr-2024 23:06	269.3M
ru.meta.stackoverflow.com.7z (View Contents)	06-Apr-2024 23:54	19.9M
ru.stackoverflow.com.7z (View Contents)	06-Apr-2024 23:48	1,011.7M
rus.meta.stackexchange.com.7z (View Contents)	07-Apr-2024 00:15	610.7K
rus.stackexchange.com.7z (View Contents)	07-Apr-2024 05:09	58.4M
russian.meta.stackexchange.com.7z (View Contents)	07-Apr-2024 05:20	496.8K
russian.stackexchange.com.7z (View Contents)	06-Apr-2024 22:29	17.2M
salesforce.meta.stackexchange.com.7z (View Contents)	06-Apr-2024 22:39	2.2M
salesforce.stackexchange.com.7z (View Contents)	06-Apr-2024 21:51	264.4M
scicomp.meta.stackexchange.com.7z (View Contents)	06-Apr-2024 21:37	665.3K
scicomp.stackexchange.com.7z (View Contents)	06-Apr-2024 23:47	35.7M
scifi.meta.stackexchange.com.7z (View Contents)	06-Apr-2024 22:55	15.9M
scifi.stackexchange.com.7z (View Contents)	06-Apr-2024 22:03	322.4M
se-icon.svg	18-Mar-2022 19:39	458.0B
se-logo.svg	18-Mar-2022 19:39	3.2K
security.meta.stackexchange.com.7z (View Contents)	06-Apr-2024 21:58	4.7M
security.stackexchange.com.7z (View Contents)	06-Apr-2024 22:32	248.0M
serverfault.com.7z (View Contents)	06-Apr-2024 21:56	819.8M
sharepoint.meta.stackexchange.com.7z (View Contents)	07-Apr-2024 04:19	1.3M
sharepoint.stackexchange.com.7z (View Contents)	06-Apr-2024 22:58	173.9M
sitecore.meta.stackexchange.com.7z (View Contents)	07-Apr-2024 00:12	421.2K
sitecore.stackexchange.com.7z (View Contents)	06-Apr-2024 22:20	28.3M
skeptics.meta.stackexchange.com.7z (View Contents)	06-Apr-2024 22:01	7.0M
skeptics.stackexchange.com.7z (View Contents)	06-Apr-2024 23:29	72.6M
softwareengineering.meta.stackexchange.com.7z (View Contents)	06-Apr-2024 22:09	15.4M
softwareengineering.stackexchange.com.7z (View Contents)	06-Apr-2024 22:42	346.2M
softwarerecs.meta.stackexchange.com.7z (View Contents)	06-Apr-2024 21:53	2.5M
softwarerecs.stackexchange.com.7z (View Contents)	06-Apr-2024 23:29	50.2M
solana.meta.stackexchange.com.7z (View Contents)	06-Apr-2024 21:32	97.9K
solana.stackexchange.com.7z (View Contents)	06-Apr-2024 22:02	7.5M
sound.meta.stackexchange.com.7z (View Contents)	07-Apr-2024 04:10	505.7K
sound.stackexchange.com.7z (View Contents)	06-Apr-2024 23:45	28.0M
space.meta.stackexchange.com.7z (View Contents)	06-Apr-2024 21:45	2.5M
space.stackexchange.com.7z (View Contents)	06-Apr-2024 23:37	76.1M
spanish.meta.stackexchange.com.7z (View Contents)	06-Apr-2024 21:40	1.9M
spanish.stackexchange.com.7z (View Contents)	06-Apr-2024 23:53	33.5M
sports.meta.stackexchange.com.7z (View Contents)	07-Apr-2024 04:12	961.7K
sports.stackexchange.com.7z (View Contents)	06-Apr-2024 23:48	16.5M
sqa.meta.stackexchange.com.7z (View Contents)	06-Apr-2024 21:38	557.9K
sqa.stackexchange.com.7z (View Contents)	06-Apr-2024 23:40	37.5M
stackapps.com.7z (View Contents)	06-Apr-2024 22:33	13.7M
stackexchange_archive.torrent	07-Apr-2024 19:58	560.0K
stackexchange_files.xml	07-Oct-2024 01:10	119.5K
stackexchange_meta.sqlite	07-Apr-2024 19:49	1.4M
stackexchange_meta.xml	02-Apr-2024 12:09	3.3K
stackexchange_reviews.xml	07-Oct-2024 01:10	24.0K
stackoverflow.com-Badges.7z (View Contents)	06-Apr-2024 21:28	514.7M
stackoverflow.com-Comments.7z (View Contents)	07-Apr-2024 00:20	6.5G
stackoverflow.com-PostHistory.7z (View Contents)	07-Apr-2024 19:38	35.2G
stackoverflow.com-PostLinks.7z (View Contents)	06-Apr-2024 21:13	144.4M
stackoverflow.com-Posts.7z (View Contents)	07-Apr-2024 11:06	21.4G
stackoverflow.com-Tags.7z (View Contents)	06-Apr-2024 21:11	1.1M
stackoverflow.com-Users.7z (View Contents)	06-Apr-2024 21:40	944.3M
stackoverflow.com-Votes.7z (View Contents)	06-Apr-2024 20:36	2.1G
stats.meta.stackexchange.com.7z (View Contents)	07-Apr-2024 00:07	9.4M
stats.stackexchange.com.7z (View Contents)	06-Apr-2024 23:48	568.9M
stellar.meta.stackexchange.com.7z (View Contents)	07-Apr-2024 00:24	112.1K
stellar.stackexchange.com.7z (View Contents)	06-Apr-2024 21:42	2.9M
substrate.meta.stackexchange.com.7z (View Contents)	07-Apr-2024 00:18	175.3K
substrate.stackexchange.com.7z (View Contents)	06-Apr-2024 22:03	8.5M
superuser.com.7z (View Contents)	07-Apr-2024 00:28	1.2G
sustainability.meta.stackexchange.com.7z (View Contents)	06-Apr-2024 21:33	477.2K
sustainability.stackexchange.com.7z (View Contents)	07-Apr-2024 00:13	9.4M
tex.meta.stackexchange.com.7z (View Contents)	06-Apr-2024 23:50	11.9M
tex.stackexchange.com.7z (View Contents)	06-Apr-2024 23:16	741.8M
tezos.meta.stackexchange.com.7z (View Contents)	06-Apr-2024 23:42	99.2K
tezos.stackexchange.com.7z (View Contents)	06-Apr-2024 22:44	3.9M
tor.meta.stackexchange.com.7z (View Contents)	06-Apr-2024 21:35	337.2K
tor.stackexchange.com.7z (View Contents)	07-Apr-2024 00:01	12.1M
travel.meta.stackexchange.com.7z (View Contents)	07-Apr-2024 04:39	6.0M
travel.stackexchange.com.7z (View Contents)	06-Apr-2024 22:50	148.9M
tridion.meta.stackexchange.com.7z (View Contents)	07-Apr-2024 04:08	414.2K
tridion.stackexchange.com.7z (View Contents)	06-Apr-2024 23:52	16.4M
ukrainian.meta.stackexchange.com.7z (View Contents)	07-Apr-2024 00:13	486.1K
ukrainian.stackexchange.com.7z (View Contents)	06-Apr-2024 21:57	9.0M
unix.meta.stackexchange.com.7z (View Contents)	06-Apr-2024 22:54	8.2M
unix.stackexchange.com.7z (View Contents)	06-Apr-2024 21:51	673.2M
ux.meta.stackexchange.com.7z (View Contents)	07-Apr-2024 04:26	2.6M
ux.stackexchange.com.7z (View Contents)	06-Apr-2024 23:03	121.1M
vegetarianism.meta.stackexchange.com.7z (View Contents)	07-Apr-2024 00:27	381.5K
vegetarianism.stackexchange.com.7z (View Contents)	06-Apr-2024 21:48	3.1M
vi.meta.stackexchange.com.7z (View Contents)	07-Apr-2024 00:25	744.3K
vi.stackexchange.com.7z (View Contents)	06-Apr-2024 22:22	35.1M
webapps.meta.stackexchange.com.7z (View Contents)	07-Apr-2024 00:07	3.2M
webapps.stackexchange.com.7z (View Contents)	07-Apr-2024 05:28	78.7M
webmasters.meta.stackexchange.com.7z (View Contents)	07-Apr-2024 00:19	1.8M
webmasters.stackexchange.com.7z (View Contents)	06-Apr-2024 22:35	92.6M
windowsphone.meta.stackexchange.com.7z (View Contents)	07-Apr-2024 04:42	331.2K
windowsphone.stackexchange.com.7z (View Contents)	06-Apr-2024 23:43	6.3M
woodworking.meta.stackexchange.com.7z (View Contents)	07-Apr-2024 00:20	337.8K
woodworking.stackexchange.com.7z (View Contents)	07-Apr-2024 04:52	14.7M
wordpress.meta.stackexchange.com.7z (View Contents)	06-Apr-2024 21:59	3.3M
wordpress.stackexchange.com.7z (View Contents)	06-Apr-2024 22:58	250.6M
workplace.meta.stackexchange.com.7z (View Contents)	06-Apr-2024 22:05	9.1M
workplace.stackexchange.com.7z (View Contents)	06-Apr-2024 23:08	191.7M
worldbuilding.meta.stackexchange.com.7z (View Contents)	07-Apr-2024 00:10	12.5M
worldbuilding.stackexchange.com.7z (View Contents)	06-Apr-2024 22:51	349.0M
writers.meta.stackexchange.com.7z (View Contents)	06-Apr-2024 21:55	3.4M
writers.stackexchange.com.7z (View Contents)	06-Apr-2024 23:33	67.2M